nombre,web,email,telefono,fuente
Valencia Dental,https://www.valenciadental.es/,clinica@valenciadental.es,96 385 31 47,https://www.valenciadental.es/contact/
Badía Clínica Dental,https://teresabadia.com/,clinica@teresabadia.com,963 94 49 14 / 696 09 81 93,https://teresabadia.com/contacto/
Clínica Doctor Moreno (sede Valencia),https://clinicadoctormoreno.com/,valencia@clinicadoctormoreno.com,96 361 85 85,https://clinicadoctormoreno.com/contacto/
Clínica Dental BonDent,https://www.clinicadentalvalenciabondent.com/,[email en https://www.clinicadentalvalenciabondent.com/ — redactado],963 355 137,https://www.clinicadentalvalenciabondent.com/contacto/
Bogar Dental,https://bogardental.com/,clinica@bogardental.com,963 388 132 / 681 204 500,https://bogardental.com/
Clínica Dentados,https://clinicadentados.es/,tudentista@clinicadentados.es,648 85 78 06,https://clinicadentados.es/contacto/
Clínica Oral Dental,https://clinicaoraldental.com/,info@clinicaoraldental.com,963 262 019 / 698 453 387,https://clinicaoraldental.com/contacto/
Clínica Dental Ciudad de las Ciencias,https://www.clinicadentalcciencias.es/,info@clinicadentalcciencias.es,963 347 085,https://www.clinicadentalcciencias.es/contacto/
Clínica Aliaga,https://clinicaaliaga.com/,recepcion@clinicaaliaga.com,963 513 193 / 661 336 298,https://clinicaaliaga.com/contacto/
Santamarta Roig Dental,https://santamartaroigdental.com/,[email en https://santamartaroigdental.com/ — redactado],963 912 165,https://santamartaroigdental.com/contacto-clinica-dental-en-valencia/
