nombre,email,telefono,ciudad
David Hernández Jiménez,davidhernandez@hotmail.com,+34 632 921 277,Vitoria
Manuel Delgado Romero,mdelgado@correo.es,+34 637 996 507,Huelva
Marta Gómez Vázquez,marta.gomez.vazquez@hotmail.com,+34 672 423 884,Valladolid
Manuel Moreno Vázquez,manuel.moreno.vazquez@gmail.com.,+34 908 760 385,Santander
Marta Rodríguez Ruiz,marta_rodriguez@correoes,+34 894 717 464,Oviedo
David Medina Rodríguez,david.medin a.rodriguez@outlook.com,+34 953 615 305,Barcelona
Alejandro Torres Pérez,alejandro.torres.perez@,+34 859 401 399,Albacete
Pablo Ortega Domínguez,pablo.ortega@telefonica.net,+34 612 368 516,A Coruña
Pilar López de la Fuente,plopez@correo.es,+34 961 586 578,Alicante
Javier Vázquez Ortega,javiervazquez77@hotmail.com,+34 648 652 816,Oviedo
Manuel Castro Iglesias,manuel_castro@icloud.com,+34 687 277 434,Zaragoza
Ana Rubio Molina,anarubio@icloud.com,+34 620 450 533,Soria
Marta Iglesias López,marta.iglesias@correo.es,+34 934 738 299,Murcia
Ana Fernández de la Fuente,ana.fernandez@icloud.com,+34 669 367 632,Sevilla
Sara Romero Álvarez,sromero@yahoo.es.,+34 694 808 313,Valencia
Luis Rubio Delgado,luis.rubio@icloud.com,+34 612 275 304,Lleida
Isabel García Ramírez,isabelgarcia@hotmailcom,+34 818 196 001,Ciudad Real
Francisco Gil Jiménez,fgil@yahoo.es,+34 856 258 815,Cuenca
Pablo Romero Romero,pabloromero@outlookcom,+34 639 821 465,Oviedo
Carmen Rodríguez de la Fuente,carmen.rodriguez.fuente@correo.es,+34 817 711 592,Ávila
Manuel Medina Navarro,manuelmedina86@hotmail.com,+34 634 624 751,A Coruña
Carmen Molina Hernández,carmen.molina.hernandez@outlook.com,+34 914 473 947,Ceuta
Luis Molina Serrano,luismolina@correo.es,+34 738 726 247,Cuenca
Antonio Ramírez Domínguez,antonioramirez65@gmail.com,+34 862 118 233,Santander
Rosa Gil Pérez,rosa.gil.perez@gmail.com,+34 878 669 125,Sevilla
Cristina Díaz de la Torre,cdiaz@telefonica.net,+34 814 593 327,Cáceres
Javier Gil de la Cruz,javier_gil@gmail.com,+34 612 411 824,Granada
Antonio Rodríguez Molina,antonio.rodriguez.molina@hotmail.com,+34 751 585 064,Ceuta
María Gil Vázquez,maria.gil@outlook.com,+34 643 039 117,Ávila
Pedro Vázquez Medina,pedro.vazquez.medina@telefonica.net,+34 784 987 769,Girona
Pilar Gómez de la Torre,pilar.gomez@outlook.com,+34 602 578 729,Oviedo
Manuel Medina Torres,manuelmedina9@telefonica.net,+34 646 120 047,Bilbao
José Romero Serrano,jose.romero.serrano@yahoo.es,+34 877 252 287,Castellón
Carlos Iglesias López,carlos_iglesias@gmail.com,+34 915 478 872,Oviedo
María Molina Navarro,mariamolina@icloud.com,+34 914 893 252,Pamplona
Luis Navarro Pérez,luisnavarro40@outlook.com,+34 635 218 188,Ceuta
Fernando Martínez Ramírez,fernandomartinez@outlook.com.,+34 604 696 325,Salamanca
Francisco Ortega Jiménez,fortega@hotmail.com,+34 627 790 104,Ciudad Real
Pedro Castro Ortega,pedro.castro.ortega@yahoo.es,+34 698 358 416,Oviedo
Manuel Gómez Ruiz,manuel.gomez.ruiz@outlookcom,+34 647 016 873,Ciudad Real
Sergio Ruiz Rubio,sergioruiz53@hotmail.com,+34 768 970 283,Pontevedra
Javier Díaz García,javierdiaz(at)yahoo.es,+34 699 577 738,Murcia
Andrea Molina Martínez,andreamolina@icloud.com.,+34 996 230 913,Albacete
Javier Molina Rodríguez,javier.molina@outlook.com,+34 839 106 518,Almería
Isabel Álvarez Ramos,isabel.alvarez.ramos@correo.es,+34 804 945 198,Ciudad Real
Elena Fernández de los Ríos,elena.fernandez.rios@hotmail.com,+34 686 926 179,Lugo
Miguel Ruiz de la Fuente,miguelruiz@gmail.com,+34 682 677 345,Granada
Pedro García Molina,pedrogarcia@yahoo.es,+34 673 322 141,Oviedo
Miguel Álvarez Jiménez,miguelalvarez@yahoo.es,+34 973 342 708,Lugo
Rafael Pérez Iglesias,rafael.perez(at)yahoo.es,12345,Oviedo
Pedro Serrano Romero,pserrano@outlook.com,+34 873 834 735,Tarragona
Ana Fernández Álvarez,ana_fernandez@correo.es,+34 640 148 902,Huelva
Juan Rodríguez Gómez,jrodriguez@icloud.com,+34 856 981 693,Elche
Laura Molina Vázquez,laura_molina@,+34 688 208 121,Santa Cruz de Tenerife
Andrea Gil Ramos,andreagil@,+34 942 104 709,León
Fernando Molina Molina,fernando_molina@,+34 683 391 878,Toledo
Marta Martínez López,martamartinez77@outlook.com,+34 803 067 383,Vitoria
Ángel Iglesias Ortega,angeliglesias@correo.es.,+34 604 157 473,Ceuta
Rosa Vázquez Ramos,rosa_vazquez@gmail.com,+34 682 300 478,Madrid
Nuria Castro de la Torre,nuria.castro.torre@gmail.com,+34 649 784 036,Santa Cruz de Tenerife
Pilar Molina Rodríguez,pilar_ molina@gmail.com,+34 766 752 545,Zaragoza
Carmen Delgado Castro,cdelgado@outlook.com,+34 666 889 373,Girona
Ángel Torres Vázquez,angeltorres25@correo.es,+34 796 360 576,Lleida
Elena Ramos de la Cruz,eramos@correo.es,+34 624 782 613,Málaga
Marta Romero Iglesias,marta_romero@,+34 917 839 084,Melilla
Rosa Sánchez de la Fuente,rsanchez@icloud.com.,+34 996 383 465,Málaga
Miguel Moreno Pérez,miguelmoreno3@outlook.com,+34 905 310 033,Albacete
Francisco López Serrano,franciscolopez72gmail.com,+34 644 925 192,Las Palmas
Sergio Castro Ramírez,sergiocastro80@correo.es,+34 912 165 585,Vitoria
Sara Ortega Molina,sara.ortega@icloud.com,+34 723 705 895,Melilla
Isabel Delgado Medina,isabeldelgado@gmail.com,+34 890 053 293,Ávila
Miguel Jiménez Ramírez,miguel_jimenez@gmail.com,+34 826 870 568,Huelva
Carmen López López,carmen_lopez@telefonica.net,+34 639 690 784,Sevilla
Isabel Molina de la Fuente,isabel_molina@hotmail.com,+34 836 385 467,Pamplona
Carlos Hernández Molina,carloshernandez@outlook.com,+34 969 222 196,Santander
Fernando Gil Gómez,fernandogil@,+34 942 513 542,Málaga
Alejandro Gil de los Ríos,alejandro_gil@gmail.com,+34 932 460 953,Salamanca
Luis Díaz Castro,luis.diaz@icloud.com,+34 802 176 591,Palma de Mallorca
Antonio Domínguez López,antoniodominguez@,+34 687 429 671,Murcia
Pilar Serrano Iglesias,pilar.serrano.iglesias@yahoo.es,+34 692 856 543,Bilbao
Nuria Ramos del Olmo,nuria.ramos.olmo@gmailcom,+34 672 867 908,Melilla
Francisco Moreno Sánchez,fmoreno@correo.es,+34 886 850 142,San Sebastián
Isabel Sánchez Sánchez,isabelsanchez23@outlook.com,+34 615 518 844,Cádiz
Pablo Rubio Rodríguez,pablorubio43@,+34 669 409 749,Salamanca
David Domínguez Gil,daviddominguez55@telefonicanet,+34 674 367 136,Salamanca
David Domínguez Domínguez,david.dominguez@telefonica.net,+34 864 090 974,Zaragoza
Andrea Delgado Gómez,andrea.delgado.gomez@outlook.com,+34 852 553 419,Segovia
Miguel Romero Romero,miguelromero61@telefonica.net,+34 877 014 363,Guadalajara
Pedro López Fernández,pedro_lopez@gmail.com,+34 798 225 871,Tarragona
Alejandro Martínez García,alejandro.martinez.garcia@icloud.com,+34 675 204 711,Logroño
Francisco Moreno Fernández,francisco.moreno.fernandez(at)correo.es,576527758,Girona
Alejandro Vázquez Romero,alejandro.vazquez@yahoo.es,+34 843 455 812,Cáceres
Fernando Ramírez Fernández,fernando_ramirez@outlook.com,+34 695 931 034,Badajoz
Cristina Díaz García,cristina.diaz.garcia@outlook.com,+34 668 723 430,San Sebastián
Rosa Moreno Vázquez,rosa_moreno@outlook.com,+34 678 961 183,Madrid
Rafael Romero Rodríguez,rafaelromero44@outlook.com,+34 862 729 806,San Sebastián
Carmen Sánchez García,carmen_sanchez(at)yahoo.es,12345,Valladolid
Beatriz Ruiz Fernández,beatrizruiz69@telefonica.net,+34 733 749 894,Barcelona
David Rodríguez Martínez,david_rodriguez@yahoo.es,+34 874 801 624,Valencia
Manuel Serrano de la Fuente,mserrano@icloud.com,+34 778 585 497,Ceuta
Daniel López Gil,daniel..lopez@outlook.com,+34 654 119 986,Melilla
Ana Torres Díaz,ana.torres.diaz@yahoo.es,+34 920 715 182,Alicante
Miguel Ramírez de la Cruz,miguelramirez@hotmail.com,+34 635 175 183,Almería
Ana Ramos Delgado,ana_ramos@gmail.com,+34 835 615 951,Valencia
Andrea Navarro Ramos,andreanavarro51@gmail.com,+34 660 71,Logroño
David Jiménez Navarro,david.jimenez.navarro@,+34 617 535 560,Salamanca
Marta Serrano Romero,marta_serrano@outlook.com,+34 799 091 699,Palma de Mallorca
Francisco Castro Moreno,franciscocastro(at)telefonica.net,+34 878 680 112,Pamplona
Andrea Díaz Jiménez,andrea.diaz@telefonica.net,+34 665 876 036,Lleida
Pilar Serrano de la Fuente,pserrano@hotmail.com,+34 951 493 689,Santander
Nuria Domínguez Álvarez,ndominguez@,+34 790 422 842,Bilbao
Carmen Gómez Jiménez,carmen.gomez.jimenez@correo.es,642939,Lleida
Sergio Torres Domínguez,sergio_torres@correo.es,+34 962 392 407,León
Laura Sánchez de la Torre,laurasanchez30@yahoo.es,+34 959 953 428,Córdoba
María Iglesias Gómez,mariaiglesias@correo.es,+34 787 083 172,Melilla
Pilar Fernández Moreno,pilar.fernandez@outlook.com,+34 937 452 991,Zaragoza
Marta Torres Gómez,marta_torres@gmail.com,+34 613 267 736,Almería
Cristina García Jiménez,cristinagarcia78(at)correo.es,+34 602 135 569,Alicante
Cristina Ortega Gómez,cristina.ortega.gomez@outlook.com,+34 737 543 303,Logroño
Rosa López Domínguez,rosa.lopez.dominguez@yahoo.es,+34 732 858 842,Elche
Antonio Díaz López,antoniodiaz@correoes,+34 983 735 403,Ceuta
Pilar Jiménez Ruiz,pilarjimenez42@hotmail.com,+34 758 414 384,Burgos
Andrea Navarro Rodríguez,andreanavarro26icloud.com,+34 886 379 402,Teruel
Elena Hernández Rubio,elenahernandez@icloud.com,+34 722 602 563,Girona
Marta Torres Medina,mtorres@telefonica.net,+34 789 226 801,Palma de Mallorca
Javier Romero Romero,javier.romero.romero@correo.es,+34 671 027 677,Ciudad Real
Beatriz Iglesias López,beatriz_iglesias@yahoo.es,+34 687 403 450,Sevilla
Ángel Torres Iglesias,angel.torres.iglesias@yahoo.es,+34 699 091 334,Soria
Antonio Medina Ramírez,antonio_medina@hotmail.com,+34 893 308 330,Barcelona
Ángel Hernández Navarro,ahernandez@telefonica.net,+34 653 195 205,Pamplona
Laura Navarro López,lauranavarro10@correo.es,+34 606 231 203,Oviedo
Laura García Álvarez,lauragarcia(at)yahoo.es,+34 645 107 622,Lleida
Ana Serrano Serrano,anaserrano@correo.es,562229270,Lugo
Juan Ramírez Fernández,juanramirez48@outlook.com,+34 849 651 370,Santander
Cristina Jiménez García,cristina.jimenezicloud.com,+34 717 127 484,Lugo
Marta Medina de la Fuente,marta.medina.fuente@gmail.com,+34 726 567 661,Tarragona
José Torres Ramírez,jose_torres@yahoo.es,+34 890 453 017,Guadalajara
Cristina Jiménez Gómez,cjimenez@icloud.com,+34 966 319 314,Tarragona
Cristina Serrano Pérez,cristinaserrano66@yahoo.es,+34 895 134 332,Albacete
Juan Rubio Ramos,juan.rubio@yahoo.es,+34 667 933 410,Badajoz
Rafael Ruiz Ramírez,rruiz@,+34 616 155 940,Valencia
Cristina Ramírez Romero,cristina.ramirez.romero@hotmail.com,+34 683 503 056,Girona
Javier Gil de los Ríos,javie rgil65@gmail.com,+34 799 229 959,Alicante
José Ramos Iglesias,jose_ramos@outlook.com,+34 925 546 659,Almería
Pilar Romero López,pilar_romero@hotmail.com,+34 617 187 026,Sevilla
Beatriz Jiménez Torres,bjim enez@yahoo.es,+34 682 400 842,Segovia
Carlos Ramos Medina,carlosramos(at)gmail.com,+34 693 618 324,Cáceres
Lucía Pérez Romero,lucia..perez@hotmail.com,+34 706 797 403,Granada
Alejandro López Martínez,alejand ro_lopez@hotmail.com,+34 613 186 999,Córdoba
José Moreno Gil,jmoreno@hotmail.com.,+34 837 575 844,Bilbao
Andrea Molina Jiménez,andrea_molina@gmail.com,+34 996 423 536,Salamanca
Miguel Jiménez Fernández,mjimenezoutlook.com,+34 797 516 136,San Sebastián
José Romero Jiménez,joseromero60(at)hotmail.com,+34 674 074 821,Málaga
Nuria Ramos Serrano,nuriaramos88@,+34 687 401 640,A Coruña
Antonio Rubio García,arubio@yahooes,+34 997 278 755,Pontevedra
Carmen López Delgado,carmenlopez@hotmail.com,+34 646 537 556,Girona
Sergio Iglesias Torres,sergio.iglesias.torres(at)outlook.com,+34 661 565 452,Tarragona
Pablo López Pérez,pablo.lopez@correo.es,+34 615 280 988,Jaén
Rosa Ruiz Vázquez,rosa _ruiz@hotmail.com,+34 849 588 879,Guadalajara
Laura Medina Pérez,lauramedina@telefonica.net,902620,Valladolid
Lucía Molina Delgado,lucia_molina@gmail.com,+34 784 511 544,Málaga
Isabel Ortega López,isabel.ortega.lopez@yahoo.es,+34 851 850 671,Madrid
Pilar Ramírez de la Cruz,pramirez@outlook.com,+34 741 036 971,Bilbao
Fernando Moreno Díaz,fmoreno@correo.es.,+34 774 205 493,Castellón
David Álvarez Serrano,david.alvarez(at)yahoo.es,+34 756 746 807,Badajoz
Rafael Iglesias Ortega,rafaeliglesias@yahoo.es,+34 971 012 269,Ávila
Fernando Hernández Martínez,fernandohernandez82@icloud.com,+34 977 008 860,Albacete
Javier Navarro Gil,jnavarro@telefonica.net,+34 648 236 629,Salamanca
Ángel Rubio Torres,arubio@hotmail.com,+34 743 106 903,Ciudad Real
Sergio Serrano Vázquez,sserranocorreo.es,+34 771 774 490,Las Palmas
Francisco Rubio Hernández,francisco.rubio.hernandez@correo.es,+34 872 217 043,Alicante
Lucía Iglesias Martínez,lucia_i glesias@hotmail.com,+34 614 767 976,Girona
Marta Fernández Domínguez,marta.fernandez@hotmail.com,+34 611 724 005,Almería
Pedro Romero de la Cruz,pedroromero55@yahoo.es,+34 955 744 431,Valencia
Carmen Gil Ramírez,cgil@gmail.com,+34 845 502 296,Ávila
Sergio Martínez Romero,smartinez@hotmail.com,+34 698 393 010,Córdoba
Miguel Pérez Pérez,miguel.perez@icloud.com,+34 988 880 670,Segovia
Ángel Díaz Medina,angel_diaz@icloud.com,+34 618 451 462,Melilla
Alejandro Vázquez Iglesias,alejandrovazquez@correo.es,+34 682 477 109,Cuenca
José Ortega de la Fuente,joseortega@correo.es,+34 616 566 701,Almería
